Mode,M,N,K,Time_ms,TFLOPS
AOT_Static,64,64,64,0.03537920117378235,0.014819102257982072
AOT_Static,64,64,128,0.03435559868812561,0.03052125534236204
AOT_Static,64,64,256,0.039552000164985654,0.05302265350050624
AOT_Static,64,64,512,0.03511039912700653,0.11946044773879508
AOT_Static,64,64,1024,0.03806720077991486,0.22036314276162974
AOT_Static,64,64,2048,0.038334000110626223,0.4376588916258008
AOT_Static,64,64,4096,0.03749119937419891,0.8949948937374311
AOT_Static,64,64,8192,0.05351679921150208,1.2539775358160183
AOT_Static,64,64,12288,0.03731200098991394,2.6978798598126907
AOT_Static,64,64,16384,0.037171199917793274,3.6107989060571613
AOT_Static,64,128,64,0.03386879861354828,0.03095994079874289
AOT_Static,64,128,128,0.03380759954452515,0.062031969978762244
AOT_Static,64,128,256,0.0335752010345459,0.12492267717725454
AOT_Static,64,128,512,0.03505919873714447,0.23926981511737885
AOT_Static,64,128,1024,0.03706879913806915,0.4525966956067381
AOT_Static,64,128,2048,0.037145599722862244,0.9033218537416166
AOT_Static,64,128,4096,0.03699199855327606,1.8141453996693224
AOT_Static,64,128,8192,0.03700479865074158,3.627035760058386
AOT_Static,64,128,12288,0.037324801087379456,5.393909307880386
AOT_Static,64,128,16384,0.03726080060005188,7.204232106586197
AOT_Static,64,256,64,0.03370240032672882,0.06222559757373672
AOT_Static,64,256,128,0.03366200029850006,0.12460055738835263
AOT_Static,64,256,256,0.03371520042419433,0.24880789360457897
AOT_Static,64,256,512,0.03424000144004822,0.48998876443903483
AOT_Static,64,256,1024,0.038424399495124814,0.8732584618337964
AOT_Static,64,256,2048,0.038361600041389464,1.7493760408219228
AOT_Static,64,256,4096,0.03842560052871704,3.492924668794533
AOT_Static,64,256,8192,0.038334000110626223,7.002542266012813
AOT_Static,64,256,12288,0.03816959857940674,10.549054718569648
AOT_Static,64,256,16384,0.03735119998455048,14.373592072599141
AOT_Static,64,512,64,0.034560000896453856,0.12136295981492207
AOT_Static,64,512,128,0.03457280099391937,0.24263605374280722
AOT_Static,64,512,256,0.034534400701522826,0.48581170251088773
AOT_Static,64,512,512,0.035903200507164,0.9345805255802937
AOT_Static,64,512,1024,0.037836799025535585,1.7736400998062511
AOT_Static,64,512,2048,0.03790079951286316,3.5412901502103624
AOT_Static,64,512,4096,0.03795199990272522,7.0730253132384835
AOT_Static,64,512,8192,0.03795199990272522,14.146050626476967
AOT_Static,64,512,12288,0.03876079916954041,20.776309706040273
AOT_Static,64,512,16384,0.03738879859447479,28.718275643087242
AOT_Static,64,1024,64,0.034469199180603025,0.24336532903034633
AOT_Static,64,1024,128,0.03461120128631592,0.48473370979565333
AOT_Static,64,1024,256,0.034457600116729735,0.9737890011588116
AOT_Static,64,1024,512,0.03453280031681061,1.943336867683196
AOT_Static,64,1024,1024,0.038361600041389464,3.4987520816438455
AOT_Static,64,1024,2048,0.03769600093364715,7.121059246377421
AOT_Static,64,1024,4096,0.0377344012260437,14.227625046544004
AOT_Static,64,1024,8192,0.03683559894561768,29.149568752369714
AOT_Static,64,1024,12288,0.03653120100498199,44.08868834562407
AOT_Static,64,1024,16384,0.036364799737930296,59.05391102044397
AOT_Static,64,2048,64,0.03367440104484558,0.4982186907395056
AOT_Static,64,2048,128,0.033855998516082765,0.9910926710390919
AOT_Static,64,2048,256,0.033817601203918454,1.9844359626614816
AOT_Static,64,2048,512,0.03391999900341034,3.9568906822935244
AOT_Static,64,2048,1024,0.033881598711013795,7.922750584751494
AOT_Static,64,2048,2048,0.03750559985637665,14.314420088090445
AOT_Static,64,2048,4096,0.03632679879665375,29.55784323332415
AOT_Static,64,2048,8192,0.036083200573921205,59.51477734356174
AOT_Static,64,2048,12288,0.037208399176597594,86.57253585975302
AOT_Static,64,2048,16384,0.03704279959201813,115.94607705961477
AOT_Static,64,4096,64,0.03356159925460815,0.9997864447831052
AOT_Static,64,4096,128,0.03357439935207367,1.998810560876203
AOT_Static,64,4096,256,0.03358719944953918,3.996097626467677
AOT_Static,64,4096,512,0.0335999995470047,7.989150583900228
AOT_Static,64,4096,1024,0.03493120074272156,15.369380398750396
AOT_Static,64,4096,2048,0.03663559854030609,29.308701557548755
AOT_Static,64,4096,4096,0.036746400594711306,58.440653050222146
AOT_Static,64,4096,8192,0.03791159987449646,113.28900152507862
AOT_Static,64,4096,12288,0.11910400390625,54.090968671977045
AOT_Static,64,4096,16384,0.15521279573440552,55.342953854776134
AOT_Static,64,8192,64,0.03454720079898834,1.9425268168749918
AOT_Static,64,8192,128,0.03454720079898834,3.8850536337499837
AOT_Static,64,8192,256,0.034357601404190065,7.812985919536953
AOT_Static,64,8192,512,0.03416320085525513,15.714889078299473
AOT_Static,64,8192,1024,0.03439359962940216,31.219233682132163
AOT_Static,64,8192,2048,0.03363839983940124,63.8402438359929
AOT_Static,64,8192,4096,0.0347135990858078,123.72578496926701
AOT_Static,64,8192,8192,0.15050239562988282,57.07506884557813
AOT_Static,64,8192,12288,0.22471680641174316,57.338398910810916
AOT_Static,64,8192,16384,0.30062079429626465,57.1479734933741
AOT_Static,64,12288,64,0.033778798580169675,2.9800733072577605
AOT_Static,64,12288,128,0.03394559919834137,5.930859868569859
AOT_Static,64,12288,256,0.03391880095005036,11.87109133347481
AOT_Static,64,12288,512,0.03289600014686585,24.48037343156217
AOT_Static,64,12288,1024,0.03294720053672791,48.88466120830413
AOT_Static,64,12288,2048,0.03308799862861633,97.35328836764717
AOT_Static,64,12288,4096,0.11425280570983887,56.387682595397386
AOT_Static,64,12288,8192,0.22854559421539306,56.37781788021085
AOT_Static,64,12288,12288,0.3502975940704346,55.17409528115068
AOT_Static,64,12288,16384,0.4593791961669922,56.09701961042275
AOT_Static,64,16384,64,0.03527719974517822,3.804659354186559
AOT_Static,64,16384,128,0.033673998713493344,7.9715942939807904
AOT_Static,64,16384,256,0.03252480030059814,16.50650909577227
AOT_Static,64,16384,512,0.032627201080322264,32.909406521161344
AOT_Static,64,16384,1024,0.032716798782348636,65.63856269332224
AOT_Static,64,16384,2048,0.034457999467849734,124.64354757470244
AOT_Static,64,16384,4096,0.15031039714813232,57.1479734933741
AOT_Static,64,16384,8192,0.29282560348510744,58.6692863586081
AOT_Static,64,16384,12288,0.4454763889312744,57.84774326159769
AOT_Static,64,16384,16384,0.5864319801330566,58.59117430840667
AOT_Static,128,64,64,0.03389439880847931,0.030936556978779613
AOT_Static,128,64,128,0.035083600878715517,0.059775848187587216
AOT_Static,128,64,256,0.033636799454689024,0.12469390869514807
AOT_Static,128,64,512,0.03348439931869507,0.25052287544893953
AOT_Static,128,64,1024,0.03695360124111176,0.45400760511900934
AOT_Static,128,64,2048,0.03704319894313812,0.9058189615725836
AOT_Static,128,64,4096,0.03707079887390137,1.8102891234762695
AOT_Static,128,64,8192,0.037145599722862244,3.613287414966466
AOT_Static,128,64,12288,0.03723520040512085,5.4068889064529415
AOT_Static,128,64,16384,0.03723520040512085,7.209185208603922
AOT_Static,128,128,64,0.03383040130138397,0.061990160309278015
AOT_Static,128,128,128,0.03348479866981506,0.12525994381387645
AOT_Static,128,128,256,0.0335999995470047,0.24966095574688213
AOT_Static,128,128,512,0.03357439935207367,0.49970264021905075
AOT_Static,128,128,1024,0.03704319894313812,0.9058189615725836
AOT_Static,128,128,2048,0.0382207989692688,1.755820542996981
AOT_Static,128,128,4096,0.03699280023574829,3.6282121695209666
AOT_Static,128,128,8192,0.03704319894313812,7.246551692580669
AOT_Static,128,128,12288,0.03644160032272339,11.049272821010637
AOT_Static,128,128,16384,0.03705399930477142,14.488878989396094
AOT_Static,128,256,64,0.033817601203918454,0.1240272476663426
AOT_Static,128,256,128,0.03362559974193573,0.24947088124463274
AOT_Static,128,256,256,0.0336896002292633,0.4979939175837134
AOT_Static,128,256,512,0.033588001132011415,0.9990005617815876
AOT_Static,128,256,1024,0.03696640133857727,1.8154015963129946
AOT_Static,128,256,2048,0.03706879913806915,3.620773564853905
AOT_Static,128,256,4096,0.03699199855327606,7.25658159867729
AOT_Static,128,256,8192,0.03706879913806915,14.48309425941562
AOT_Static,128,256,12288,0.036671999096870425,21.959707347089367
AOT_Static,128,256,16384,0.037529599666595456,28.61053231419683
AOT_Static,128,512,64,0.03375200033187866,0.2485366176083195
AOT_Static,128,512,128,0.03378959894180298,0.4965201282470382
AOT_Static,128,512,256,0.03383040130138397,0.9918425649484482
AOT_Static,128,512,512,0.03386879861354828,1.981436211119545
AOT_Static,128,512,1024,0.03628680109977722,3.6988029788281342
AOT_Static,128,512,2048,0.036185601353645326,7.418294734874094
AOT_Static,128,512,4096,0.03654400110244751,14.691081868538019
AOT_Static,128,512,8192,0.03654400110244751,29.382163737076038
AOT_Static,128,512,12288,0.03630079925060272,44.36851995685076
AOT_Static,128,512,16384,0.036735999584198,58.45719926792847
AOT_Static,128,1024,64,0.03371520042419433,0.49761578720915794
AOT_Static,128,1024,128,0.034955599904060365,0.9599157815083698
AOT_Static,128,1024,256,0.03363839983940124,1.9950076198747781
AOT_Static,128,1024,512,0.03365119993686676,3.988497535059872
AOT_Static,128,1024,1024,0.03370240032672882,7.9648764894383
AOT_Static,128,1024,2048,0.03635199964046478,14.768676202405898
AOT_Static,128,1024,4096,0.036185601353645326,29.673178939496378
AOT_Static,128,1024,8192,0.036390799283981326,59.011719727334736
AOT_Static,128,1024,12288,0.03709439933300018,86.8385936939626
AOT_Static,128,1024,16384,0.03728640079498291,115.18857289593667
AOT_Static,128,2048,64,0.03380480110645294,0.9925936820138501
AOT_Static,128,2048,128,0.03356080055236817,1.9996204767309866
AOT_Static,128,2048,256,0.033666801452636716,3.9866492273945533
AOT_Static,128,2048,512,0.033817601203918454,7.937743850645926
AOT_Static,128,2048,1024,0.03385800123214722,15.856544759359753
AOT_Static,128,2048,2048,0.036735999584198,29.228599633964237
AOT_Static,128,2048,4096,0.036582401394844054,58.70264296817506
AOT_Static,128,2048,8192,0.036367198824882506,118.10003065348478
AOT_Static,128,2048,12288,0.04345600008964538,148.2522765719318
AOT_Static,128,2048,16384,0.05625600218772888,152.69365504031003
AOT_Static,128,4096,64,0.03386879861354828,1.981436211119545
AOT_Static,128,4096,128,0.03380520045757294,3.970327824810545
AOT_Static,128,4096,256,0.03381960093975067,7.937274495882298
AOT_Static,128,4096,512,0.03353320062160492,16.010130320041757
AOT_Static,128,4096,1024,0.03358719944953918,31.968781011741417
AOT_Static,128,4096,2048,0.0328575998544693,65.35728895328606
AOT_Static,128,4096,4096,0.03482879996299744,123.31654551873815
AOT_Static,128,4096,8192,0.06316800117492676,135.98553749092824
AOT_Static,128,4096,12288,0.12358399629592895,104.26027862981842
AOT_Static,128,4096,16384,0.16871680021286012,101.82666552664087
AOT_Static,128,8192,64,0.03531520068645477,3.800565348379275
AOT_Static,128,8192,128,0.034764799475669864,7.721472870506977
AOT_Static,128,8192,256,0.03368679881095886,15.937130595660735
AOT_Static,128,8192,512,0.03358719944953918,31.968781011741417
AOT_Static,128,8192,1024,0.03351039886474609,64.0840968998198
AOT_Static,128,8192,2048,0.03353599905967712,128.0703547360295
AOT_Static,128,8192,4096,0.05415440201759338,158.61932312001804
AOT_Static,128,8192,8192,0.15237120389938355,112.7501046414552
AOT_Static,128,8192,12288,0.2317823886871338,111.18102596994453
AOT_Static,128,8192,16384,0.30652120113372805,112.09579709629824
AOT_Static,128,12288,64,0.03500759899616242,5.750939732315539
AOT_Static,128,12288,128,0.03490560054779053,11.535489367922859
AOT_Static,128,12288,256,0.034750398993492124,23.174017891156115
AOT_Static,128,12288,512,0.03470079898834229,46.41428390571308
AOT_Static,128,12288,1024,0.034918400645256045,92.25008627185308
AOT_Static,128,12288,2048,0.053414398431777955,120.6126275526334
AOT_Static,128,12288,4096,0.12156120538711548,105.99518034530526
AOT_Static,128,12288,8192,0.24939520359039308,103.3291875906497
AOT_Static,128,12288,12288,0.3738624095916748,103.39286505486847
AOT_Static,128,12288,16384,0.4853248119354248,106.19611090243957
AOT_Static,128,16384,64,0.03384239971637726,7.931927352955907
AOT_Static,128,16384,128,0.03357439935207367,15.990484487009624
AOT_Static,128,16384,256,0.035583201050758365,30.175526436431042
AOT_Static,128,16384,512,0.03406080007553101,63.04853800374272
AOT_Static,128,16384,1024,0.034892800450325015,123.09035791250149
AOT_Static,128,16384,2048,0.055692797899246214,154.2377994285732
AOT_Static,128,16384,4096,0.1600000023841858,107.37418080000002
AOT_Static,128,16384,8192,0.3165055990219116,108.5596541551901
AOT_Static,128,16384,12288,0.4478464126586914,115.08322070959379
AOT_Static,128,16384,16384,0.6040463924407959,113.76522994918038
AOT_Static,256,64,64,0.03470360040664673,0.06043038691738553
AOT_Static,256,64,128,0.03365119993686676,0.124640547970621
AOT_Static,256,64,256,0.03371520042419433,0.24880789360457897
AOT_Static,256,64,512,0.03370240032672882,0.49780478058989375
AOT_Static,256,64,1024,0.036852800846099855,0.9104988285727834
AOT_Static,256,64,2048,0.03686400055885315,1.8204444168467584
AOT_Static,256,64,4096,0.037067198753356935,3.620929892573681
AOT_Static,256,64,8192,0.037913599610328676,7.080189134214284
AOT_Static,256,64,12288,0.037350401282310486,10.780424578482386
AOT_Static,256,64,16384,0.03711999952793121,14.46311742531213
AOT_Static,256,128,64,0.03365119993686676,0.124640547970621
AOT_Static,256,128,128,0.03374080061912536,0.24861911531657813
AOT_Static,256,128,256,0.03372800052165985,0.49742693727799864
AOT_Static,256,128,512,0.03361200094223023,0.9982872503684274
AOT_Static,256,128,1024,0.03682560026645661,1.8223427049233347
AOT_Static,256,128,2048,0.03685199916362762,3.6420745426606578
AOT_Static,256,128,4096,0.036800000071525577,7.294441724952741
AOT_Static,256,128,8192,0.03683840036392212,14.573676020031186
AOT_Static,256,128,12288,0.03758360147476196,21.427067561387833
AOT_Static,256,128,16384,0.03617280125617981,29.683679082403398
AOT_Static,256,256,64,0.033843201398849485,0.2478668581360975
AOT_Static,256,256,128,0.03449639976024628,0.48634686856029824
AOT_Static,256,256,256,0.03371520042419433,0.9952315744183159
AOT_Static,256,256,512,0.03383080065250397,1.9836617137535277
AOT_Static,256,256,1024,0.036262398958206175,3.701292023031658
AOT_Static,256,256,2048,0.03607119917869568,7.441822343365367
AOT_Static,256,256,4096,0.03630000054836273,14.789832063080093
AOT_Static,256,256,8192,0.03622399866580963,29.641725473379655
AOT_Static,256,256,12288,0.03676159977912903,43.81236795125566
AOT_Static,256,256,16384,0.03682560026645661,58.31496655754671
AOT_Static,256,512,64,0.033855998516082765,0.49554633551954597
AOT_Static,256,512,128,0.03371520042419433,0.9952315744183159
AOT_Static,256,512,256,0.03420079946517944,1.962201616612061
AOT_Static,256,512,512,0.03386679887771606,3.963106418313235
AOT_Static,256,512,1024,0.037032398581504825,7.248665122492643
AOT_Static,256,512,2048,0.03601920008659363,14.90513144959662
AOT_Static,256,512,4096,0.03614560067653656,29.706016884566683
AOT_Static,256,512,8192,0.03623799979686737,59.26054583690465
AOT_Static,256,512,12288,0.03676199913024902,87.62378402183973
AOT_Static,256,512,16384,0.03711999952793121,115.70493940249705
AOT_Static,256,1024,64,0.03381960093975067,0.9921593119852873
AOT_Static,256,1024,128,0.03366320133209229,1.993537790359315
AOT_Static,256,1024,256,0.03356159925460815,3.9991457791324208
AOT_Static,256,1024,512,0.033766400814056394,7.949779944809954
AOT_Static,256,1024,1024,0.03516159951686859,15.268671487553886
AOT_Static,256,1024,2048,0.036697599291801455,29.25918438048569
AOT_Static,256,1024,4096,0.03629879951477051,59.16128568180767
AOT_Static,256,1024,8192,0.036327201128005984,118.23006349610706
AOT_Static,256,1024,12288,0.043507200479507444,148.07780948890272
AOT_Static,256,1024,16384,0.055643600225448606,154.37416984516744
AOT_Static,256,2048,64,0.03377920091152191,1.9866918751505909
AOT_Static,256,2048,128,0.03386679887771606,3.963106418313235
AOT_Static,256,2048,256,0.03343560099601746,8.028432210085697
AOT_Static,256,2048,512,0.033406400680541994,16.070899619925463
AOT_Static,256,2048,1024,0.03351039886474609,32.0420484499099
AOT_Static,256,2048,2048,0.03333120048046112,64.42863194378081
AOT_Static,256,2048,4096,0.03306120038032532,129.90959936699485
AOT_Static,256,2048,8192,0.06183680295944214,138.9129803109972
AOT_Static,256,2048,12288,0.08628479838371277,149.3299182400613
AOT_Static,256,2048,16384,0.11446959972381592,150.08237318423724
AOT_Static,256,4096,64,0.033766400814056394,3.974889972404977
AOT_Static,256,4096,128,0.032742398977279666,8.198405259989364
AOT_Static,256,4096,256,0.033011201024055484,16.26329534659398
AOT_Static,256,4096,512,0.03265399932861328,32.8823986671405
AOT_Static,256,4096,1024,0.03264000117778778,65.79300154748182
AOT_Static,256,4096,2048,0.03298560082912445,130.20733859750652
AOT_Static,256,4096,4096,0.053465598821640016,160.6628333230835
AOT_Static,256,4096,8192,0.10291359424591065,166.9348865898992
AOT_Static,256,4096,12288,0.17195520401000977,149.86347127069152
AOT_Static,256,4096,16384,0.22885119915008545,150.1400844549045
AOT_Static,256,8192,64,0.03325439989566803,8.072178624247808
AOT_Static,256,8192,128,0.03289600014686585,16.32024895437478
AOT_Static,256,8192,256,0.03266719877719879,32.86911226528108
AOT_Static,256,8192,512,0.033038800954818724,64.99883730455988
AOT_Static,256,8192,1024,0.03345920145511627,128.36430964323728
AOT_Static,256,8192,2048,0.059468799829483034,144.44439128804044
AOT_Static,256,8192,4096,0.12143440246582031,141.4744819849182
AOT_Static,256,8192,8192,0.23334240913391113,147.2502940872679
AOT_Static,256,8192,12288,0.34633119106292726,148.81595675462975
AOT_Static,256,8192,16384,0.47572479248046873,144.4521660889081
AOT_Static,256,12288,64,0.034665200114250186,11.615487078480104
AOT_Static,256,12288,128,0.03289600014686585,24.48037343156217
AOT_Static,256,12288,256,0.03285920023918152,49.01557932866227
AOT_Static,256,12288,512,0.03297280073165894,97.69341398127366
AOT_Static,256,12288,1024,0.0484607994556427,132.94149119221453
AOT_Static,256,12288,2048,0.08473600149154663,152.05935684002523
AOT_Static,256,12288,4096,0.17421879768371581,147.9163219963416
AOT_Static,256,12288,8192,0.34640519618988036,148.78416409131694
AOT_Static,256,12288,12288,0.5377535820007324,143.7636380595875
AOT_Static,256,12288,16384,0.7083392143249512,145.5223895831247
AOT_Static,256,16384,64,0.032601600885391234,16.467624209232365
AOT_Static,256,16384,128,0.03296000063419342,32.57711781977567
AOT_Static,256,16384,256,0.0328711986541748,65.33025067302373
AOT_Static,256,16384,512,0.0345984011888504,124.13773898269281
AOT_Static,256,16384,1024,0.06383360028266907,134.56760317390686
AOT_Static,256,16384,2048,0.12026879787445069,142.84560490854966
AOT_Static,256,16384,4096,0.22021119594573973,156.03084221233817
AOT_Static,256,16384,8192,0.43511037826538085,157.9357334797629
AOT_Static,256,16384,12288,0.7038335800170898,146.45396018402124
AOT_Static,256,16384,16384,0.939840030670166,146.23653918422397
AOT_Static,512,64,64,0.03374240100383759,0.12430366171995212
AOT_Static,512,64,128,0.03475199937820435,0.24138490302981358
AOT_Static,512,64,256,0.03391999900341034,0.49461133528669055
AOT_Static,512,64,512,0.03362799882888794,0.9978123340237322
AOT_Static,512,64,1024,0.03687680065631867,1.819812532693267
AOT_Static,512,64,2048,0.036801201105117795,3.6471018328077034
AOT_Static,512,64,4096,0.03713279962539673,7.22906591229403
AOT_Static,512,64,8192,0.037915199995040894,14.15978056479248
AOT_Static,512,64,12288,0.037503999471664426,21.472546377578663
AOT_Static,512,64,16384,0.0363783985376358,29.515917884322057
AOT_Static,512,128,64,0.033958399295806886,0.2470260134150613
AOT_Static,512,128,128,0.03387959897518158,0.49520113895946966
AOT_Static,512,128,256,0.03431679904460907,0.9777844360245241
AOT_Static,512,128,512,0.034203600883483884,1.9620409040735032
AOT_Static,512,128,1024,0.03688800036907196,3.6385200243202203
AOT_Static,512,128,2048,0.036108800768852235,7.434072865459291
AOT_Static,512,128,4096,0.03627519905567169,14.799943927972995
AOT_Static,512,128,8192,0.03659360110759735,29.342338318736168
AOT_Static,512,128,12288,0.036541599035263064,44.07614276665178
AOT_Static,512,128,16384,0.03654400110244751,58.764327474152076
AOT_Static,512,256,64,0.03380480110645294,0.49629684100692506
AOT_Static,512,256,128,0.034867200255393985,0.9623494790009446
AOT_Static,512,256,256,0.03364039957523346,1.994889027697712
AOT_Static,512,256,512,0.03370159864425659,3.9825329776417986
AOT_Static,512,256,1024,0.036339199542999266,7.386939155948306
AOT_Static,512,256,2048,0.036136800050735475,14.856625690327922
AOT_Static,512,256,4096,0.03734039962291717,28.755498999560924
AOT_Static,512,256,8192,0.03632639944553375,59.11633634981757
AOT_Static,512,256,12288,0.03700479865074158,87.04885824140126
AOT_Static,512,256,16384,0.03708159923553467,115.82475903262029
AOT_Static,512,512,64,0.03370240032672882,0.9956095611797875
AOT_Static,512,512,128,0.03358959853649139,1.997906105578893
AOT_Static,512,512,256,0.034011200070381165,3.9462802759754494
AOT_Static,512,512,512,0.033767598867416385,7.949497891572723
AOT_Static,512,512,1024,0.03374080061912536,15.911623380261
AOT_Static,512,512,2048,0.037171599268913266,28.88608090903352
AOT_Static,512,512,4096,0.037401598691940305,57.41689454741844
AOT_Static,512,512,8192,0.037990400195121767,113.05401559185218
AOT_Static,512,512,12288,0.0436488002538681,147.5974346724244
AOT_Static,512,512,16384,0.05580800175666809,153.9194079991164
AOT_Static,512,1024,64,0.033792001008987424,1.9859393346416958
AOT_Static,512,1024,128,0.0343423992395401,3.9082222259377994
AOT_Static,512,1024,256,0.033395200967788696,8.038144650152551
AOT_Static,512,1024,512,0.03393239974975586,15.821778476008397
AOT_Static,512,1024,1024,0.03452160060405731,31.103477394202965
AOT_Static,512,1024,2048,0.03383040130138397,63.47792415670069
AOT_Static,512,1024,4096,0.03513720035552979,122.23419203983539
AOT_Static,512,1024,8192,0.059008002281188965,145.57236747427334
AOT_Static,512,1024,12288,0.0863111972808838,149.28424461623996
AOT_Static,512,1024,16384,0.1121664047241211,153.16412455453798
AOT_Static,512,2048,64,0.03558399975299835,3.771856141289756
AOT_Static,512,2048,128,0.03351039886474609,8.010512112477475
AOT_Static,512,2048,256,0.03343360126018524,16.057824815878824
AOT_Static,512,2048,512,0.033853599429130556,31.71721300264633
AOT_Static,512,2048,1024,0.03344799876213074,64.2036512639239
AOT_Static,512,2048,2048,0.03389439880847931,126.7161373850813
AOT_Static,512,2048,4096,0.05354239940643311,160.4323804541326
AOT_Static,512,2048,8192,0.10236159563064576,167.83510532593306
AOT_Static,512,2048,12288,0.1639140009880066,157.21539112382195
AOT_Static,512,2048,16384,0.2212735891342163,155.28169675576902
AOT_Static,512,4096,64,0.03403519988059998,7.886995138612596
AOT_Static,512,4096,128,0.03321880102157593,16.161658322685916
AOT_Static,512,4096,256,0.033292800188064575,32.251472328390534
AOT_Static,512,4096,512,0.03296000063419342,65.15423563955135
AOT_Static,512,4096,1024,0.03340800106525421,128.56103804627074
AOT_Static,512,4096,2048,0.05552639961242676,154.7000103006423
AOT_Static,512,4096,4096,0.112716805934906,152.41621727572178
AOT_Static,512,4096,8192,0.20852479934692383,164.77530958241334
AOT_Static,512,4096,12288,0.3309056043624878,155.75320234087474
AOT_Static,512,4096,16384,0.4487020015716553,153.15170535299222
AOT_Static,512,8192,64,0.03270399868488312,16.416063282443798
AOT_Static,512,8192,128,0.03275519907474518,32.780805927932015
AOT_Static,512,8192,256,0.03421440124511719,62.76548967246569
AOT_Static,512,8192,512,0.03311359882354736,129.7040324395611
AOT_Static,512,8192,1024,0.06100479960441589,140.8075208459206
AOT_Static,512,8192,2048,0.11364879608154296,151.16631039077132
AOT_Static,512,8192,4096,0.215667200088501,159.31833099284532
AOT_Static,512,8192,8192,0.4195603847503662,163.78924043767222
AOT_Static,512,8192,12288,0.6874752044677734,149.93881151510246
AOT_Static,512,8192,16384,0.9079039573669434,151.3804982969712
AOT_Static,512,12288,64,0.03362559974193573,23.949204599484744
AOT_Static,512,12288,128,0.03252480030059814,49.51952728731681
AOT_Static,512,12288,256,0.03477759957313538,92.62357125096976
AOT_Static,512,12288,512,0.04681119918823242,137.62627438990128
AOT_Static,512,12288,1024,0.08646399974822998,149.02042382400623
AOT_Static,512,12288,2048,0.1614068031311035,159.65748206454683
AOT_Static,512,12288,4096,0.330703592300415,155.84834501943004
AOT_Static,512,12288,8192,0.6494976043701172,158.7060743726164
AOT_Static,512,12288,12288,0.9969868469238281,155.0861208781957
AOT_Static,512,12288,16384,1.34408447265625,153.38204882359733
AOT_Static,512,16384,64,0.03356159925460815,31.993166233059366
AOT_Static,512,16384,128,0.033548799157142636,64.01074559900589
AOT_Static,512,16384,256,0.036313599348068236,118.2743482636479
AOT_Static,512,16384,512,0.06155520081520081,139.54847808536027
AOT_Static,512,16384,1024,0.11115520000457764,154.55749423591962
AOT_Static,512,16384,2048,0.21535999774932862,159.54559215771127
AOT_Static,512,16384,4096,0.4902520179748535,140.17173660981203
AOT_Static,512,16384,8192,0.8896512031555176,154.486334627004
AOT_Static,512,16384,12288,1.3496127319335938,152.75376804769488
AOT_Static,512,16384,16384,1.8158796691894532,151.3745164990454
AOT_Static,1024,64,64,0.0339819997549057,0.24685445413756163
AOT_Static,1024,64,128,0.03383280038833618,0.495886116650986
AOT_Static,1024,64,256,0.03470079898834229,0.9669642480356891
AOT_Static,1024,64,512,0.03380399942398071,1.9852344439573224
AOT_Static,1024,64,1024,0.03703039884567261,3.624528284433662
AOT_Static,1024,64,2048,0.03699199855327606,7.25658159867729
AOT_Static,1024,64,4096,0.03753040134906769,14.304960583996971
AOT_Static,1024,64,8192,0.036185601353645326,29.673178939496378
AOT_Static,1024,64,12288,0.037415999174118045,43.04609716567765
AOT_Static,1024,64,16384,0.03827199935913086,56.11109124059016
AOT_Static,1024,128,64,0.03357439935207367,0.49970264021905075
AOT_Static,1024,128,128,0.03353599905967712,1.0005496463752304
AOT_Static,1024,128,256,0.03518719971179962,1.9071953593822306
AOT_Static,1024,128,512,0.03498240113258362,3.8367214271917347
AOT_Static,1024,128,1024,0.03617280125617981,7.420919770600849
AOT_Static,1024,128,2048,0.03619840145111084,14.83134311124462
AOT_Static,1024,128,4096,0.036697599291801455,29.25918438048569
AOT_Static,1024,128,8192,0.03646720051765442,58.888086212166606
AOT_Static,1024,128,12288,0.03699199855327606,87.07897918412748
AOT_Static,1024,128,16384,0.03765760064125061,114.05313198035351
AOT_Static,1024,256,64,0.034203600883483884,0.9810204520367516
AOT_Static,1024,256,128,0.03345920145511627,2.0056923381755825
AOT_Static,1024,256,256,0.033369600772857666,4.0221556414055355
AOT_Static,1024,256,512,0.03412480056285858,7.86628644189543
AOT_Static,1024,256,1024,0.03363839983940124,15.960060958998225
AOT_Static,1024,256,2048,0.0366212010383606,29.3202241749324
AOT_Static,1024,256,4096,0.03654400110244751,58.764327474152076
AOT_Static,1024,256,8192,0.036211198568344115,118.60881345569895
AOT_Static,1024,256,12288,0.04492799937725067,143.3950105346142
AOT_Static,1024,256,16384,0.056422799825668335,152.24226054964743
AOT_Static,1024,512,64,0.03372800052165985,1.9897077491119946
AOT_Static,1024,512,128,0.03353599905967712,4.0021985855009214
AOT_Static,1024,512,256,0.033471998572349546,8.019702062898283
AOT_Static,1024,512,512,0.033369600772857666,16.088622565622142
AOT_Static,1024,512,1024,0.03330560028553009,32.23907735620356
AOT_Static,1024,512,2048,0.03275240063667297,65.56721358603117
AOT_Static,1024,512,4096,0.03297280073165894,130.25788530836488
AOT_Static,1024,512,8192,0.05794559717178345,148.24136795992604
AOT_Static,1024,512,12288,0.08272640109062195,155.75320234087474
AOT_Static,1024,512,16384,0.10597120523452759,162.11827680905196
AOT_Static,1024,1024,64,0.03356080055236817,3.9992409534619733
AOT_Static,1024,1024,128,0.03377920091152191,7.9467675006023635
AOT_Static,1024,1024,256,0.03391999900341034,15.827562729174097
AOT_Static,1024,1024,512,0.03256320059299469,32.97408744983728
AOT_Static,1024,1024,1024,0.033802399039268495,63.530509935263844
AOT_Static,1024,1024,2048,0.03459559977054596,124.14779117824848
AOT_Static,1024,1024,4096,0.058278000354766844,147.39583615959444
AOT_Static,1024,1024,8192,0.11033600568771362,155.70501285522838
AOT_Static,1024,1024,12288,0.1519871950149536,169.55246639997915
AOT_Static,1024,1024,16384,0.20166280269622802,170.3821324935036
AOT_Static,1024,2048,64,0.033139199018478394,8.100239714614725
AOT_Static,1024,2048,128,0.033024001121521,16.256991695961798
AOT_Static,1024,2048,256,0.033011201024055484,32.52659069318796
AOT_Static,1024,2048,512,0.03283199965953827,65.40825019094194
AOT_Static,1024,2048,1024,0.03290880024433136,130.51120867707175
AOT_Static,1024,2048,2048,0.055155599117279054,155.7400287454943
AOT_Static,1024,2048,4096,0.11006720066070556,156.08527409504003
AOT_Static,1024,2048,8192,0.205184006690979,167.4581704593969
AOT_Static,1024,2048,12288,0.32212400436401367,159.99927622207898
AOT_Static,1024,2048,16384,0.44043521881103515,156.02629808195127
AOT_Static,1024,4096,64,0.033471998572349546,16.039404125796565
AOT_Static,1024,4096,128,0.03364959955215454,31.909497833273612
AOT_Static,1024,4096,256,0.03503159880638122,61.301331402802624
AOT_Static,1024,4096,512,0.03554440140724182,120.8338620417713
AOT_Static,1024,4096,1024,0.05995519757270813,143.27255917358823
AOT_Static,1024,4096,2048,0.11118079423904419,154.5219145229565
AOT_Static,1024,4096,4096,0.22064640522003173,155.72308252081416
AOT_Static,1024,4096,8192,0.4198627948760986,163.6712696972331
AOT_Static,1024,4096,12288,0.6683648109436036,154.22597571896677
AOT_Static,1024,4096,16384,0.8978176116943359,153.0811510955205
AOT_Static,1024,8192,64,0.033893200755119327,31.680154133504757
AOT_Static,1024,8192,128,0.033205199241638186,64.6731143629799
AOT_Static,1024,8192,256,0.034534400701522826,124.36779584278726
AOT_Static,1024,8192,512,0.059571200609207155,144.19609650560517
AOT_Static,1024,8192,1024,0.11118079423904419,154.5219145229565
AOT_Static,1024,8192,2048,0.21135358810424804,162.56993163064922
AOT_Static,1024,8192,4096,0.46575360298156737,147.5447023835898
AOT_Static,1024,8192,8192,0.8748543739318848,157.09923567542322
AOT_Static,1024,8192,12288,1.3125836181640624,157.06308333815562
AOT_Static,1024,8192,16384,1.7227545166015625,159.55721160217604
AOT_Static,1024,12288,64,0.03402239978313446,47.33977456811882
AOT_Static,1024,12288,128,0.033843201398849485,95.18087352426143
AOT_Static,1024,12288,256,0.05003399848937988,128.76146497401086
AOT_Static,1024,12288,512,0.08605440258979798,149.72972329398922
AOT_Static,1024,12288,1024,0.16322319507598876,157.88077034028674
AOT_Static,1024,12288,2048,0.31439359188079835,163.93339076561438
AOT_Static,1024,12288,4096,0.7280384063720703,141.58485898794805
AOT_Static,1024,12288,8192,1.2982476806640626,158.79745697103692
AOT_Static,1024,12288,12288,2.041855926513672,151.44929732628194
AOT_Static,1024,12288,16384,2.7103231811523436,152.1283008916656
AOT_Static,1024,16384,64,0.03403480052947998,63.096701452382845
AOT_Static,1024,16384,128,0.039208000898361205,109.54313399282539
AOT_Static,1024,16384,256,0.06791679859161377,126.47731886851139
AOT_Static,1024,16384,512,0.11873279809951783,144.6935426351227
AOT_Static,1024,16384,1024,0.22531840801239014,152.49414671042135
AOT_Static,1024,16384,2048,0.4392563819885254,156.44502744594192
AOT_Static,1024,16384,4096,0.8770943641662597,156.69802370996356
AOT_Static,1024,16384,8192,1.7832569885253906,154.1437430010028
AOT_Static,1024,16384,12288,2.669547424316406,154.45197064501764
AOT_Static,1024,16384,16384,3.4968792724609377,157.21326675973802
AOT_Static,2048,64,64,0.03489319980144501,0.4808162076126139
AOT_Static,2048,64,128,0.03558239936828613,0.9430064468869511
AOT_Static,2048,64,256,0.034380799531936644,1.9519285448164738
AOT_Static,2048,64,512,0.0345984011888504,3.8793043432091503
AOT_Static,2048,64,1024,0.034534400701522826,7.772987240174204
AOT_Static,2048,64,2048,0.03846360146999359,13.957895035357682
AOT_Static,2048,64,4096,0.037223199009895326,28.846038292263895
AOT_Static,2048,64,8192,0.03825919926166534,56.129863913584806
AOT_Static,2048,64,12288,0.03809280097484589,84.56257848109139
AOT_Static,2048,64,16384,0.037911200523376466,113.29019489508585
AOT_Static,2048,128,64,0.034431999921798705,0.9745130133657115
AOT_Static,2048,128,128,0.03430399894714355,1.9562985675052926
AOT_Static,2048,128,256,0.03418880105018616,3.925780485925206
AOT_Static,2048,128,512,0.03458679914474487,7.761211289793095
AOT_Static,2048,128,1024,0.034560400247573855,15.53427935307805
AOT_Static,2048,128,2048,0.03749119937419891,28.639836599597796
AOT_Static,2048,128,4096,0.03757039904594421,57.15892571100664
AOT_Static,2048,128,8192,0.03720960021018982,115.42632201739772
AOT_Static,2048,128,12288,0.04532319903373718,142.1446650137039
AOT_Static,2048,128,16384,0.05640720129013062,152.28436078254697
AOT_Static,2048,256,64,0.03462400138378143,1.9382180371398414
AOT_Static,2048,256,128,0.03445639908313751,3.895291776605998
AOT_Static,2048,256,256,0.03426760137081146,7.8335058557278705
AOT_Static,2048,256,512,0.03447040021419525,15.574838373327363
AOT_Static,2048,256,1024,0.03454720079898834,31.08042906999987
AOT_Static,2048,256,2048,0.03338240087032318,64.32981427375717
AOT_Static,2048,256,4096,0.034404000639915465,124.83918195888492
AOT_Static,2048,256,8192,0.06042879819869995,142.14968438979813
AOT_Static,2048,256,12288,0.08166120052337647,157.78486974743345
AOT_Static,2048,256,16384,0.10773760080337524,159.46029107659302
AOT_Static,2048,512,64,0.03424000144004822,3.9199101155122786
AOT_Static,2048,512,128,0.03404799997806549,7.884030080267045
AOT_Static,2048,512,256,0.03357439935207367,15.990484487009624
AOT_Static,2048,512,512,0.03372800052165985,31.835323985791913
AOT_Static,2048,512,1024,0.03357439935207367,63.961937948038496
AOT_Static,2048,512,2048,0.033932799100875856,126.57273817087317
AOT_Static,2048,512,4096,0.053401601314544675,160.8553747555958
AOT_Static,2048,512,8192,0.10248960256576538,167.62548350186105
AOT_Static,2048,512,12288,0.15247360467910767,169.01157305380508
AOT_Static,2048,512,16384,0.20441598892211915,168.08733284112517
AOT_Static,2048,1024,64,0.033792001008987424,7.943757338566783
AOT_Static,2048,1024,128,0.03431679904460907,15.644550976392386
AOT_Static,2048,1024,256,0.0336896002292633,31.87161072535766
AOT_Static,2048,1024,512,0.03523840010166168,60.94157628622687
AOT_Static,2048,1024,1024,0.03383040130138397,126.95584831340138
AOT_Static,2048,1024,2048,0.056180399656295774,152.89913643462987
AOT_Static,2048,1024,4096,0.1113319993019104,154.31205126759278
AOT_Static,2048,1024,8192,0.20487720966339112,167.70893368009217
AOT_Static,2048,1024,12288,0.3269756078720093,157.62523659616394
AOT_Static,2048,1024,16384,0.44246959686279297,155.30892342261762
AOT_Static,2048,2048,64,0.03290719985961914,16.314694482978524
AOT_Static,2048,2048,128,0.033267199993133545,32.276290887770045
AOT_Static,2048,2048,256,0.04256199896335602,50.455422684655574
AOT_Static,2048,2048,512,0.033958399295806886,126.47731886851139
AOT_Static,2048,2048,1024,0.06113520264625549,140.5071745930678
AOT_Static,2048,2048,2048,0.11029759645462037,155.75923443688365
AOT_Static,2048,2048,4096,0.21414399147033691,160.45156407182915
AOT_Static,2048,2048,8192,0.42031359672546387,163.49572621816822
AOT_Static,2048,2048,12288,0.6614016056060791,155.8496596172348
AOT_Static,2048,2048,16384,0.8843884468078613,155.40564100319983
AOT_Static,2048,4096,64,0.03461120128631592,31.022957426921813
AOT_Static,2048,4096,128,0.03408840000629425,62.99749027831985
AOT_Static,2048,4096,256,0.03522680103778839,121.92328481353488
AOT_Static,2048,4096,512,0.0593280017375946,144.78718885549085
AOT_Static,2048,4096,1024,0.10980880260467529,156.45256825037575
AOT_Static,2048,4096,2048,0.20620601177215575,166.62820871568616
AOT_Static,2048,4096,4096,0.4582399845123291,149.9639469679475
AOT_Static,2048,4096,8192,0.8494848251342774,161.79094600103673
AOT_Static,2048,4096,12288,1.2852659606933594,160.40137723462635
AOT_Static,2048,4096,16384,1.7053695678710938,161.18377630436146
AOT_Static,2048,8192,64,0.032742398977279666,65.58724207991492
AOT_Static,2048,8192,128,0.03741399943828583,114.79572781532012
AOT_Static,2048,8192,256,0.0643347978591919,133.51925983820752
AOT_Static,2048,8192,512,0.11444480419158935,150.11488992754607
AOT_Static,2048,8192,1024,0.21621758937835694,158.9127807168095
AOT_Static,2048,8192,2048,0.43162879943847654,159.20966540091848
AOT_Static,2048,8192,4096,0.8311039924621582,165.36914118873983
AOT_Static,2048,8192,8192,1.7413938903808595,157.84935761080544
AOT_Static,2048,8192,12288,2.6918707275390625,153.17112229714854
AOT_Static,2048,8192,16384,3.5586251831054687,154.4854503075961
AOT_Static,2048,12288,64,0.03643920123577118,88.4000022711208
AOT_Static,2048,12288,128,0.054604798555374146,117.98323800181736
AOT_Static,2048,12288,256,0.09679359793663025,133.1172945594564
AOT_Static,2048,12288,512,0.18110719919204712,142.29033352049993
AOT_Static,2048,12288,1024,0.3433856010437012,150.09251231079077
AOT_Static,2048,12288,2048,0.6533760070800781,157.76400416761334
AOT_Static,2048,12288,4096,1.2899980163574218,159.81298234095837
AOT_Static,2048,12288,8192,2.5299148559570312,162.97657585003046
AOT_Static,2048,12288,12288,3.9301324462890626,157.36754398900248
AOT_Static,2048,12288,16384,5.255391845703125,156.91193826131746
AOT_Static,2048,16384,64,0.07041280269622803,60.99696548835257
AOT_Static,2048,16384,128,0.07801600098609925,110.1047795763146
AOT_Static,2048,16384,256,0.12666879892349242,135.62826307666018
AOT_Static,2048,16384,512,0.23541638851165772,145.95304339357207
AOT_Static,2048,16384,1024,0.44542999267578126,154.27671657938714
AOT_Static,2048,16384,2048,0.8537983894348145,160.97354501099483
AOT_Static,2048,16384,4096,1.73191162109375,158.71358768896476
AOT_Static,2048,16384,8192,3.4381619262695313,159.8981739887089
AOT_Static,2048,16384,12288,5.257830200195312,156.83916928343697
AOT_Static,2048,16384,16384,7.017328491210938,156.68521562773012
AOT_Static,4096,64,64,0.033792001008987424,0.9929696673208479
AOT_Static,4096,64,128,0.03367680013179779,1.9927327934174928
AOT_Static,4096,64,256,0.03389439880847931,3.9598792932837905
AOT_Static,4096,64,512,0.03470079898834229,7.735713984285513
AOT_Static,4096,64,1024,0.03394759893417358,15.814694672251333
AOT_Static,4096,64,2048,0.03688960075378418,29.10689739275246
AOT_Static,4096,64,4096,0.03668479919433594,58.53878704974803
AOT_Static,4096,64,8192,0.037196800112724304,115.46604232041925
AOT_Static,4096,64,12288,0.1250175952911377,51.53235373786377
AOT_Static,4096,64,16384,0.16412160396575928,52.33884134956492
AOT_Static,4096,128,64,0.03371520042419433,1.9904631488366318
AOT_Static,4096,128,128,0.03380320072174072,3.970562702178587
AOT_Static,4096,128,256,0.03364000022411347,7.979650838634148
AOT_Static,4096,128,512,0.03356159925460815,15.996583116529683
AOT_Static,4096,128,1024,0.03328000009059906,32.26387683524408
AOT_Static,4096,128,2048,0.03296000063419342,65.15423563955135
AOT_Static,4096,128,4096,0.03280560076236725,130.92176933784265
AOT_Static,4096,128,8192,0.05829120278358459,147.3624523393608
AOT_Static,4096,128,12288,0.13373440504074097,96.34694889527293
AOT_Static,4096,128,16384,0.17946879863739013,95.72621711649874
AOT_Static,4096,256,64,0.033792001008987424,3.9718786692833916
AOT_Static,4096,256,128,0.03258880078792572,8.2370461480576
AOT_Static,4096,256,256,0.034227201342582704,15.685504246357088
AOT_Static,4096,256,512,0.03261440098285675,32.922322398758624
AOT_Static,4096,256,1024,0.03275519907474518,65.56161185586403
AOT_Static,4096,256,2048,0.03367680013179779,127.53489877871954
AOT_Static,4096,256,4096,0.05377119779586792,159.7497348786993
AOT_Static,4096,256,8192,0.10334559679031372,166.23706976948068
AOT_Static,4096,256,12288,0.16111359596252442,159.9480392827564
AOT_Static,4096,256,16384,0.21469440460205078,160.0402135849226
AOT_Static,4096,512,64,0.033190399408340454,8.08774407012844
AOT_Static,4096,512,128,0.033164799213409424,16.18797413924727
AOT_Static,4096,512,256,0.03318000137805939,32.36111450887469
AOT_Static,4096,512,512,0.032793599367141726,65.48484123251559
AOT_Static,4096,512,1024,0.03363839983940124,127.6804876719858
AOT_Static,4096,512,2048,0.05925120115280151,144.97486000068795
AOT_Static,4096,512,4096,0.11663360595703125,147.29776245046563
AOT_Static,4096,512,8192,0.20642759799957275,166.4493444722014
AOT_Static,4096,512,12288,0.3330159902572632,154.76616456820693
AOT_Static,4096,512,16384,0.4523159980773926,151.9280260439559
AOT_Static,4096,1024,64,0.03289600014686585,16.32024895437478
AOT_Static,4096,1024,128,0.032691198587417605,32.84498184209338
AOT_Static,4096,1024,256,0.03294720053672791,65.17954827773885
AOT_Static,4096,1024,512,0.03364959955215454,127.63799133309445
AOT_Static,4096,1024,1024,0.06149200201034546,139.69189994098454
AOT_Static,4096,1024,2048,0.11395679712295533,150.7577399307172
AOT_Static,4096,1024,4096,0.2237567901611328,153.55841645411834
AOT_Static,4096,1024,8192,0.4212480068206787,163.13306086514785
AOT_Static,4096,1024,12288,0.6688511848449707,154.11382597444626
AOT_Static,4096,1024,16384,0.8904055595397949,154.35545297250297
AOT_Static,4096,2048,64,0.033024001121521,32.513983391923595
AOT_Static,4096,2048,128,0.03258680105209351,65.90041300976479
AOT_Static,4096,2048,256,0.034471601247787476,124.59436581222545
AOT_Static,4096,2048,512,0.059610402584075926,144.10126789337738
AOT_Static,4096,2048,1024,0.11077120304107665,155.09327977262544
AOT_Static,4096,2048,2048,0.2077807903289795,165.36532714885817
AOT_Static,4096,2048,4096,0.4207615852355957,163.32165090005097
AOT_Static,4096,2048,8192,0.836978816986084,164.2084013152332
AOT_Static,4096,2048,12288,1.2869235229492189,160.1947796676764
AOT_Static,4096,2048,16384,1.7027891540527345,161.4280348742973
AOT_Static,4096,4096,64,0.032690799236297606,65.69076615341916
AOT_Static,4096,4096,128,0.037196800112724304,115.46604232041925
AOT_Static,4096,4096,256,0.06373119950294495,134.7838210953972
AOT_Static,4096,4096,512,0.11356159448623657,151.2823878682169
AOT_Static,4096,4096,1024,0.21585919857025146,159.17662344520198
AOT_Static,4096,4096,2048,0.4294015884399414,160.0354506970146
AOT_Static,4096,4096,4096,0.8298111915588379,165.6267773562016
AOT_Static,4096,4096,8192,1.7581631469726562,156.3437997305918
AOT_Static,4096,4096,12288,2.6852557373046877,153.5484515265801
AOT_Static,4096,4096,16384,3.5475897216796874,154.9660070690772
AOT_Static,4096,8192,64,0.07152640223503112,60.04729948372093
AOT_Static,4096,8192,128,0.0772607982158661,111.181023110838
AOT_Static,4096,8192,256,0.12596479654312134,136.38627343091719
AOT_Static,4096,8192,512,0.23647840023040773,145.29757616138437
AOT_Static,4096,8192,1024,0.4505727767944336,152.5158204738857
AOT_Static,4096,8192,2048,0.8605567932128906,159.7093353465625
AOT_Static,4096,8192,4096,1.6829029846191406,163.33556328335104
AOT_Static,4096,8192,8192,3.2969509887695314,166.7467353201925
AOT_Static,4096,8192,12288,5.1968408203125,158.6798113209118
AOT_Static,4096,8192,16384,7.112355346679688,154.5917736364639
AOT_Static,4096,12288,64,0.10569039583206177,60.95587866126286
AOT_Static,4096,12288,128,0.10641920566558838,121.07684705418217
AOT_Static,4096,12288,256,0.18437119722366332,139.77131007474168
AOT_Static,4096,12288,512,0.36158640384674073,142.53745993680997
AOT_Static,4096,12288,1024,0.671806812286377,153.43579912979436
AOT_Static,4096,12288,2048,1.2692070770263673,162.43088613326185
AOT_Static,4096,12288,4096,2.7365374755859375,150.67100819721688
AOT_Static,4096,12288,8192,5.020608520507812,164.24975527639663
AOT_Static,4096,12288,12288,7.884779663085937,156.87826852524674
AOT_Static,4096,12288,16384,10.525224609375,156.69665046339904
AOT_Static,4096,16384,64,0.14042680263519286,61.17019280368666
AOT_Static,4096,16384,128,0.14753279685974122,116.44779703005852
AOT_Static,4096,16384,256,0.23576319217681885,145.73834893714331
AOT_Static,4096,16384,512,0.457919979095459,150.06874535534206
AOT_Static,4096,16384,1024,0.8603495597839356,159.74780472546044
AOT_Static,4096,16384,2048,1.6703077697753905,164.56722043564662
AOT_Static,4096,16384,4096,3.444879455566406,159.5863718829631
AOT_Static,4096,16384,8192,6.805565185546875,161.56066363320662
AOT_Static,4096,16384,12288,10.4079150390625,158.46280791820902
AOT_Static,4096,16384,16384,14.079652099609374,156.18448808213162
AOT_Static,8192,64,64,0.036262398958206175,1.850646011515829
AOT_Static,8192,64,128,0.03558279871940613,3.771983453533137
AOT_Static,8192,64,256,0.03472639918327332,7.730011239670868
AOT_Static,8192,64,512,0.03463680148124695,15.50001411910602
AOT_Static,8192,64,1024,0.03438040018081665,31.23121948415014
AOT_Static,8192,64,2048,0.033948001265525815,63.25802898389688
AOT_Static,8192,64,4096,0.03434480130672455,125.05436434593861
AOT_Static,8192,64,8192,0.1579519987106323,54.38319655414262
AOT_Static,8192,64,12288,0.24965119361877441,51.61161739797515
AOT_Static,8192,64,16384,0.32302041053771974,53.18508869269694
AOT_Static,8192,128,64,0.03472639918327332,3.865005619835434
AOT_Static,8192,128,128,0.03490720093250275,7.689973668156668
AOT_Static,8192,128,256,0.03376680016517639,15.899371849680726
AOT_Static,8192,128,512,0.03358959853649139,31.966497689262287
AOT_Static,8192,128,1024,0.032767999172210696,65.53600165557866
AOT_Static,8192,128,2048,0.03271479904651642,131.28514987645454
AOT_Static,8192,128,4096,0.054041600227355956,158.950411458241
AOT_Static,8192,128,8192,0.17895679473876952,96.00009437517112
AOT_Static,8192,128,12288,0.27251200675964354,94.56392062287753
AOT_Static,8192,128,16384,0.3273216009140015,104.9724132842289
AOT_Static,8192,256,64,0.03356159925460815,7.9982915582648415
AOT_Static,8192,256,128,0.03326680064201355,16.13833917416065
AOT_Static,8192,256,256,0.033038800954818724,32.49941865227994
AOT_Static,8192,256,512,0.033511200547218324,64.08256382740238
AOT_Static,8192,256,1024,0.03358719944953918,127.87512404696567
AOT_Static,8192,256,2048,0.055959999561309814,153.50133415545977
AOT_Static,8192,256,4096,0.11098680496215821,154.79199702935503
AOT_Static,8192,256,8192,0.22844159603118896,150.4092904486138
AOT_Static,8192,256,12288,0.3377408027648926,152.60106901527573
AOT_Static,8192,256,16384,0.44844918251037597,153.23804661949632
AOT_Static,8192,512,64,0.033011201024055484,16.26329534659398
AOT_Static,8192,512,128,0.03280639946460724,32.72964548146749
AOT_Static,8192,512,256,0.033843201398849485,63.45391568284096
AOT_Static,8192,512,512,0.03464959859848023,123.95431605918756
AOT_Static,8192,512,1024,0.06406400203704835,134.08364009217567
AOT_Static,8192,512,2048,0.11579920053482055,148.35913464561486
AOT_Static,8192,512,4096,0.21502718925476075,159.79252896846984
AOT_Static,8192,512,8192,0.424729585647583,161.79583212039202
AOT_Static,8192,512,12288,0.682367992401123,151.06103488424753
AOT_Static,8192,512,16384,0.9140711784362793,150.35913691876786
AOT_Static,8192,1024,64,0.03285639882087708,32.67983901259868
AOT_Static,8192,1024,128,0.03288320004940033,65.30640706421035
AOT_Static,8192,1024,256,0.03592959940433502,119.53841309685734
AOT_Static,8192,1024,512,0.062105602025985716,138.31175146496236
AOT_Static,8192,1024,1024,0.11260160207748413,152.57215587552724
AOT_Static,8192,1024,2048,0.21377279758453369,160.73017126705696
AOT_Static,8192,1024,4096,0.4681856155395508,146.77827437480255
AOT_Static,8192,1024,8192,0.8823679924011231,155.76149028025995
AOT_Static,8192,1024,12288,1.3222265625,155.9176286840025
AOT_Static,8192,1024,16384,1.734799346923828,158.44939498704423
AOT_Static,8192,2048,64,0.032358399033546446,66.3655716024044
AOT_Static,8192,2048,128,0.03823359906673431,112.33489393722542
AOT_Static,8192,2048,256,0.06498559713363647,132.1821291314081
AOT_Static,8192,2048,512,0.11450879573822022,150.03100044187946
AOT_Static,8192,2048,1024,0.21702399253845214,158.32230329055517
AOT_Static,8192,2048,2048,0.4334107875823975,158.55506762838814
AOT_Static,8192,2048,4096,0.8304384231567383,165.501679160695
AOT_Static,8192,2048,8192,1.7616691589355469,156.03264980246882
AOT_Static,8192,2048,12288,2.6977484130859377,152.83740263398147
AOT_Static,8192,2048,16384,3.5569253540039063,154.5592777956836
AOT_Static,8192,4096,64,0.07266560196876526,59.10592054059028
AOT_Static,8192,4096,128,0.07475200295448303,114.91243381438844
AOT_Static,8192,4096,256,0.12467199563980103,137.80054691380425
AOT_Static,8192,4096,512,0.23681280612945557,145.09239989841166
AOT_Static,8192,4096,1024,0.45567998886108396,150.8064396414595
AOT_Static,8192,4096,2048,0.852940845489502,161.13538728834575
AOT_Static,8192,4096,4096,1.6579994201660155,165.78890414598362
AOT_Static,8192,4096,8192,3.32042236328125,165.5680373579733
AOT_Static,8192,4096,12288,5.20470703125,158.4399882415572
AOT_Static,8192,4096,16384,7.05478759765625,155.8532574589887
AOT_Static,8192,8192,64,0.14252760410308837,60.268567945525916
AOT_Static,8192,8192,128,0.14444760084152222,118.9349569249582
AOT_Static,8192,8192,256,0.2414463996887207,142.30793423425453
AOT_Static,8192,8192,512,0.4762899875640869,144.28075023675254
AOT_Static,8192,8192,1024,0.8754688262939453,156.98897475745622
AOT_Static,8192,8192,2048,1.6601496887207032,165.5741700953596
AOT_Static,8192,8192,4096,3.3026272583007814,166.46014548152556
AOT_Static,8192,8192,8192,7.038812255859375,156.2069831967353
AOT_Static,8192,8192,12288,10.559017333984375,156.19516376356395
AOT_Static,8192,8192,16384,14.015712890625,156.89699644339242
AOT_Static,8192,12288,64,0.21126399040222169,60.989579262744535
AOT_Static,8192,12288,128,0.22449920177459717,114.78795279581229
AOT_Static,8192,12288,256,0.3602180004119873,143.07893412614942
AOT_Static,8192,12288,512,0.6945024013519288,148.42168278085788
AOT_Static,8192,12288,1024,1.295404815673828,159.1459501412792
AOT_Static,8192,12288,2048,2.4843673706054688,165.96452895592236
AOT_Static,8192,12288,4096,5.527551879882813,149.18606622819843
AOT_Static,8192,12288,8192,10.2835400390625,160.37934752032686
AOT_Static,8192,12288,12288,15.66232666015625,157.95234106497176
AOT_Static,8192,12288,16384,21.039453125,156.77854665378806
AOT_Static,8192,16384,64,0.28069119453430175,61.20558648981965
AOT_Static,8192,16384,128,0.2892927885055542,118.77149978572773
AOT_Static,8192,16384,256,0.4817024230957031,142.6596036083195
AOT_Static,8192,16384,512,0.9286399841308594,148.00025394193318
AOT_Static,8192,16384,1024,1.7213848876953124,159.6841641336948
AOT_Static,8192,16384,2048,3.313418273925781,165.91802435997377
AOT_Static,8192,16384,4096,6.761004638671875,162.62548046291343
AOT_Static,8192,16384,8192,13.599227294921874,161.70207379158546
AOT_Static,8192,16384,12288,20.95708251953125,157.39475569912383
AOT_Static,8192,16384,16384,28.053564453125,156.77318005178068
AOT_Static,12288,64,64,0.03540480136871338,2.8432103022319013
AOT_Static,12288,64,128,0.03377920091152191,5.960075625451773
AOT_Static,12288,64,256,0.03370240032672882,11.94731473415745
AOT_Static,12288,64,512,0.033818799257278445,23.81238795243988
AOT_Static,12288,64,1024,0.03372960090637207,47.75072021963145
AOT_Static,12288,64,2048,0.03402239978313446,94.67954913623764
AOT_Static,12288,64,4096,0.11717000007629394,54.98379226598165
AOT_Static,12288,64,8192,0.24294600486755372,53.03607233642072
AOT_Static,12288,64,12288,0.3862272024154663,50.04140752160041
AOT_Static,12288,64,16384,0.47702999114990235,54.021349294791136
AOT_Static,12288,128,64,0.034918400645256045,5.765630391990817
AOT_Static,12288,128,128,0.033983999490737916,11.848316561731941
AOT_Static,12288,128,256,0.03403519988059998,23.660985415837786
AOT_Static,12288,128,512,0.033934798836708066,47.461979773334114
AOT_Static,12288,128,1024,0.033815601468086244,95.25855913105845
AOT_Static,12288,128,2048,0.04642559885978699,138.7693665181847
AOT_Static,12288,128,4096,0.12281600236892701,104.91223976900862
AOT_Static,12288,128,8192,0.25847039222717283,99.70118261495342
AOT_Static,12288,128,12288,0.40212278366088866,96.12662409250014
AOT_Static,12288,128,16384,0.5010047912597656,102.87248435769402
AOT_Static,12288,256,64,0.03516319990158081,11.450982422731617
AOT_Static,12288,256,128,0.03345920145511627,24.068308058106986
AOT_Static,12288,256,256,0.03338240087032318,48.24736070531788
AOT_Static,12288,256,512,0.03365119993686676,95.72394084143693
AOT_Static,12288,256,1024,0.045938000082969666,140.2423033733324
AOT_Static,12288,256,2048,0.08281599879264831,155.58469469481074
AOT_Static,12288,256,4096,0.17277439832687377,149.1529070600253
AOT_Static,12288,256,8192,0.3396735906600952,151.73274864213593
AOT_Static,12288,256,12288,0.5112703800201416,151.210424755986
AOT_Static,12288,256,16384,0.7062784194946289,145.94699803762572
AOT_Static,12288,512,64,0.03288320004940033,24.489902649078882
AOT_Static,12288,512,128,0.03294720053672791,48.88466120830413
AOT_Static,12288,512,256,0.033011201024055484,97.5797720795639
AOT_Static,12288,512,512,0.049486398696899414,130.18629590444726
AOT_Static,12288,512,1024,0.09040520191192628,142.52389923925628
AOT_Static,12288,512,2048,0.16350719928741456,157.60653896775264
AOT_Static,12288,512,4096,0.32284159660339357,159.64363977333346
AOT_Static,12288,512,8192,0.6573311805725097,156.81473532751338
AOT_Static,12288,512,12288,1.0135552215576171,152.5509605864237
AOT_Static,12288,512,16384,1.3521133422851563,152.47126388057032
AOT_Static,12288,1024,64,0.03304960131645203,48.73319712931726
AOT_Static,12288,1024,128,0.03315199911594391,97.16534622042761
AOT_Static,12288,1024,256,0.051737600564956666,124.52164139138013
AOT_Static,12288,1024,512,0.09139000177383423,140.98809101554326
AOT_Static,12288,1024,1024,0.17107160091400148,150.63753211121585
AOT_Static,12288,1024,2048,0.32250878810882566,159.80838182495899
AOT_Static,12288,1024,4096,0.7117184162139892,144.8314568735392
AOT_Static,12288,1024,8192,1.3427507019042968,153.53440509517137
AOT_Static,12288,1024,12288,1.990840301513672,155.33021160807374
AOT_Static,12288,1024,16384,2.7344281005859377,150.7872378606876
AOT_Static,12288,2048,64,0.03749119937419891,85.91950979879338
AOT_Static,12288,2048,128,0.05585920214653015,115.33374442227314
AOT_Static,12288,2048,256,0.0973695993423462,132.3298234256607
AOT_Static,12288,2048,512,0.1815808057785034,141.9192059728748
AOT_Static,12288,2048,1024,0.34314239025115967,150.19889415083952
AOT_Static,12288,2048,2048,0.6520063877105713,158.0954068041391
AOT_Static,12288,2048,4096,1.2600313568115233,163.61373000246485
AOT_Static,12288,2048,8192,2.508107452392578,164.39361879120267
AOT_Static,12288,2048,12288,3.95894775390625,156.2221400910778
AOT_Static,12288,2048,16384,5.275545654296875,156.31249824562596
AOT_Static,12288,4096,64,0.10712319612503052,60.140578110464446
AOT_Static,12288,4096,128,0.10889999866485596,118.31865974263043
AOT_Static,12288,4096,256,0.18356479406356813,140.38532773923941
AOT_Static,12288,4096,512,0.3501575946807861,147.18974637401487
AOT_Static,12288,4096,1024,0.6677375793457031,154.3708461114385
AOT_Static,12288,4096,2048,1.2857568359375,160.34013932166351
AOT_Static,12288,4096,4096,2.533228759765625,162.7633741431815
AOT_Static,12288,4096,8192,5.045902099609375,163.4264209953337
AOT_Static,12288,4096,12288,7.89894775390625,156.5968809752278
AOT_Static,12288,4096,16384,10.619228515625,155.30953489109766
AOT_Static,12288,8192,64,0.2115328073501587,60.91207340084656
AOT_Static,12288,8192,128,0.21415679454803466,120.33147876716056
AOT_Static,12288,8192,256,0.361163592338562,142.70432747187246
AOT_Static,12288,8192,512,0.6900224208831787,149.38531268602267
AOT_Static,12288,8192,1024,1.2951756286621094,159.1741117156115
AOT_Static,12288,8192,2048,2.501284484863281,164.84204931952672
AOT_Static,12288,8192,4096,5.053030395507813,163.1958757986309
AOT_Static,12288,8192,8192,10.67231201171875,154.5370337611025
AOT_Static,12288,8192,12288,15.7698291015625,156.87558479951326
AOT_Static,12288,8192,16384,21.11784912109375,156.19653613460233
AOT_Static,12288,12288,64,0.3160831928253174,61.14641104211199
AOT_Static,12288,12288,128,0.31568639278411864,122.44653728370841
AOT_Static,12288,12288,256,0.5471744060516357,141.28842736972695
AOT_Static,12288,12288,512,1.0494566345214844,147.33226468809812
AOT_Static,12288,12288,1024,1.9333331298828125,159.95052302793997
AOT_Static,12288,12288,2048,3.7430264282226564,165.23401650617723
AOT_Static,12288,12288,4096,8.432595825195312,146.68680995621537
AOT_Static,12288,12288,8192,15.341282958984374,161.25777544877366
AOT_Static,12288,12288,12288,23.7121533203125,156.49577217287896
AOT_Static,12288,12288,16384,31.69785888671875,156.0926352367953
AOT_Static,12288,16384,64,0.42043161392211914,61.293687065058826
AOT_Static,12288,16384,128,0.4209792137145996,122.42791537669832
AOT_Static,12288,16384,256,0.7264111995697021,141.9020179824597
AOT_Static,12288,16384,512,1.38057861328125,149.3275560150964
AOT_Static,12288,16384,1024,2.565140380859375,160.7385168829884
AOT_Static,12288,16384,2048,5.069004821777344,162.6815814593877
AOT_Static,12288,16384,4096,10.234244995117187,161.15184290105174
AOT_Static,12288,16384,8192,20.476334228515626,161.09010756106994
AOT_Static,12288,16384,12288,31.6436279296875,156.36014732527107
AOT_Static,12288,16384,16384,42.3044287109375,155.9427692956973
AOT_Static,16384,64,64,0.035597598552703856,3.7704152374572284
AOT_Static,16384,64,128,0.033855998516082765,7.9287413683127355
AOT_Static,16384,64,256,0.0339711993932724,15.803707893408115
AOT_Static,16384,64,512,0.035173600912094115,30.526923492522023
AOT_Static,16384,64,1024,0.03406080007553101,63.04853800374272
AOT_Static,16384,64,2048,0.03594239950180054,119.4958421121785
AOT_Static,16384,64,4096,0.1606783986091614,53.46041948609654
AOT_Static,16384,64,8192,0.3186048030853271,53.92219143475678
AOT_Static,16384,64,12288,0.5040512084960938,51.12536849755358
AOT_Static,16384,64,16384,0.6070528030395508,56.60090554883969
AOT_Static,16384,128,64,0.034995201230049136,7.670636160523176
AOT_Static,16384,128,128,0.0335099995136261,16.02121515345571
AOT_Static,16384,128,256,0.03367680013179779,31.883724694679884
AOT_Static,16384,128,512,0.03341040015220642,64.27590325817096
AOT_Static,16384,128,1024,0.03348479866981506,128.26618246540949
AOT_Static,16384,128,2048,0.057651197910308837,148.9983712977454
AOT_Static,16384,128,4096,0.1778175950050354,96.61512508654447
AOT_Static,16384,128,8192,0.36474881172180174,94.20109747802711
AOT_Static,16384,128,12288,0.5197184085845947,99.16833173634042
AOT_Static,16384,128,16384,0.6234496116638184,110.22458824315616
AOT_Static,16384,256,64,0.032793599367141726,16.371210308128898
AOT_Static,16384,256,128,0.03343319892883301,32.11603610786995
AOT_Static,16384,256,256,0.033230000734329225,64.62484503593403
AOT_Static,16384,256,512,0.03358719944953918,127.87512404696567
AOT_Static,16384,256,1024,0.061478400230407716,139.72280605557054
AOT_Static,16384,256,2048,0.11397080421447754,150.73921169907535
AOT_Static,16384,256,4096,0.21829040050506593,157.40379919822726
AOT_Static,16384,256,8192,0.4499328136444092,152.7327517621561
AOT_Static,16384,256,12288,0.7148928165435791,144.18834924426244
AOT_Static,16384,256,16384,0.9505155563354493,144.59411269592732
AOT_Static,16384,512,64,0.03281799852848053,32.71807764474643
AOT_Static,16384,512,128,0.03283439874649048,65.40347105425631
AOT_Static,16384,512,256,0.037376001477241516,114.91243381438844
AOT_Static,16384,512,512,0.06416640281677247,133.8696609895463
AOT_Static,16384,512,1024,0.11641520261764526,147.5741037055586
AOT_Static,16384,512,2048,0.22209279537200927,154.7089283578373
AOT_Static,16384,512,4096,0.477235221862793,143.99498106566224
AOT_Static,16384,512,8192,0.9060223579406739,151.6948806698206
AOT_Static,16384,512,12288,1.3470310974121094,153.04652624877605
AOT_Static,16384,512,16384,1.7693254089355468,155.3574631075754
AOT_Static,16384,1024,64,0.03294560015201568,65.1827144775389
AOT_Static,16384,1024,128,0.039362001419067386,109.11455569226902
AOT_Static,16384,1024,256,0.0663424015045166,129.4788008452663
AOT_Static,16384,1024,512,0.1181056022644043,145.46193283481372
AOT_Static,16384,1024,1024,0.2199035882949829,156.2491027745722
AOT_Static,16384,1024,2048,0.4380159854888916,156.88805662948295
AOT_Static,16384,1024,4096,0.8605299949645996,159.71430894474975
AOT_Static,16384,1024,8192,1.7972224426269532,152.94595728629903
AOT_Static,16384,1024,12288,2.7408172607421877,150.43573547269196
AOT_Static,16384,1024,16384,3.629793395996094,151.45650286719282
AOT_Static,16384,2048,64,0.07411199808120728,57.95238837433373
AOT_Static,16384,2048,128,0.07468600273132324,115.01398224378919
AOT_Static,16384,2048,256,0.1289199948310852,133.25992765132804
AOT_Static,16384,2048,512,0.24172799587249755,142.14215545858195
AOT_Static,16384,2048,1024,0.45569281578063964,150.80219471592466
AOT_Static,16384,2048,2048,0.869696044921875,158.0310204634151
AOT_Static,16384,2048,4096,1.697505340576172,161.93051083462285
AOT_Static,16384,2048,8192,3.342950439453125,164.45227766461736
AOT_Static,16384,2048,12288,5.281076049804687,156.14880623855015
AOT_Static,16384,2048,16384,7.114506225585938,154.54503698680034
AOT_Static,16384,4096,64,0.14242559671401978,60.31173321497794
AOT_Static,16384,4096,128,0.14551039934158325,118.06626372916854
AOT_Static,16384,4096,256,0.2431488037109375,141.31156659461863
AOT_Static,16384,4096,512,0.4771711826324463,144.01430605446473
AOT_Static,16384,4096,1024,0.87957763671875,156.25562512561572
AOT_Static,16384,4096,2048,1.6786842346191406,163.7460466210694
AOT_Static,16384,4096,4096,3.306291198730469,166.2756789538357
AOT_Static,16384,4096,8192,6.795038452148438,161.81095008054874
AOT_Static,16384,4096,12288,10.649375,154.86988125256178
AOT_Static,16384,4096,16384,14.09259521484375,156.04104297523324
AOT_Static,16384,8192,64,0.28275198936462403,60.75949889019392
AOT_Static,16384,8192,128,0.2851448059082031,120.49926092310254
AOT_Static,16384,8192,256,0.47832322120666504,143.66744847269072
AOT_Static,16384,8192,512,0.9301628112792969,147.7579535597362
AOT_Static,16384,8192,1024,1.7258905029296876,159.26729214709542
AOT_Static,16384,8192,2048,3.3255218505859374,165.31414875266455
AOT_Static,16384,8192,4096,6.677217407226562,164.6661417053801
AOT_Static,16384,8192,8192,14.30319091796875,153.74354353261276
AOT_Static,16384,8192,12288,21.119384765625,156.1851786846019
AOT_Static,16384,8192,16384,28.23446533203125,155.76871952005882
AOT_Static,16384,12288,64,0.42080001831054686,61.240025320013416
AOT_Static,16384,12288,128,0.42263040542602537,121.94959683519782
AOT_Static,16384,12288,256,0.7431704044342041,138.70199147997155
AOT_Static,16384,12288,512,1.3952000427246094,147.76263180540371
AOT_Static,16384,12288,1024,2.574418029785156,160.15924983651905
AOT_Static,16384,12288,2048,4.993331298828125,165.14700737472225
AOT_Static,16384,12288,4096,11.316756591796874,145.7367602003119
AOT_Static,16384,12288,8192,20.57238525390625,160.3379891352987
AOT_Static,16384,12288,12288,31.6295751953125,156.42961672546468
AOT_Static,16384,12288,16384,42.3946630859375,155.61085491546876
AOT_Static,16384,16384,64,0.5614975929260254,61.19302878743904
AOT_Static,16384,16384,128,0.5623040199279785,122.21053789514396
AOT_Static,16384,16384,256,0.9901311874389649,138.80883181499846
AOT_Static,16384,16384,512,1.8452108764648438,148.96828890940972
AOT_Static,16384,16384,1024,3.409363098144531,161.2488309582491
AOT_Static,16384,16384,2048,6.705928344726562,163.96113576737497
AOT_Static,16384,16384,4096,13.768907470703125,159.70934950583296
AOT_Static,16384,16384,8192,27.34356689453125,160.84392091448814
AOT_Static,16384,16384,12288,42.3210205078125,155.88163251966418
AOT_Static,16384,16384,16384,56.4894921875,155.71202150325578
